customer_id,customer_type,region,product_tier,lifetime_value,churn,support_tickets,retention_days
1,Startup,North America,Basic,2880.39,0.1484,2.0,278
2,SMB,Europe,Standard,9672.27,0.106,2.0,375
3,Individual,North America,Basic,273.67,0.1489,1.0,304
4,Startup,North America,Basic,2692.56,0.0975,1.0,276
5,SMB,Europe,Premium,12783.42,0.0927,8.0,467
6,Individual,North America,Basic,450.91,0.1654,4.0,170
7,Startup,Latin America,Standard,1901.57,0.0655,4.0,274
8,Startup,North America,Premium,5142.52,0.1068,2.0,317
9,SMB,Asia Pacific,Standard,7021.75,0.1197,7.0,279
10,Startup,Europe,Basic,2147.12,0.1351,8.0,293
11,SMB,Europe,Premium,13450.65,0.1176,7.0,276
12,Individual,Europe,Standard,752.06,0.1337,3.0,93
13,Startup,Europe,Premium,6451.45,0.1372,2.0,256
14,Individual,Latin America,Standard,532.53,0.119,0.0,52
15,SMB,North America,Standard,4871.96,0.1744,5.0,394
16,SMB,North America,Standard,9466.91,0.1156,4.0,443
17,Startup,Europe,Standard,4042.9,0.0757,4.0,160
18,SMB,Asia Pacific,Premium,8084.32,0.1499,4.0,358
19,Individual,North America,Basic,507.62,0.1186,2.0,179
20,Startup,Europe,Standard,3231.85,0.115,5.0,285
21,Startup,Asia Pacific,Basic,1025.72,0.0594,5.0,167
22,SMB,Asia Pacific,Premium,9944.13,0.1703,5.0,393
23,Individual,Latin America,Premium,574.01,0.1725,3.0,99
24,Individual,Europe,Standard,399.57,0.2267,3.0,193
25,Startup,Europe,Standard,1429.99,0.0526,2.0,272
26,SMB,North America,Standard,8090.53,0.1219,8.0,407
27,Startup,Latin America,Basic,1354.65,0.0996,5.0,275
28,Enterprise,North America,Standard,149541.85,0.0193,18.0,1051
29,SMB,Asia Pacific,Standard,10146.48,0.157,6.0,533
30,Startup,Europe,Standard,3524.01,0.0646,3.0,255
31,Startup,Europe,Premium,3731.6,0.0935,3.0,189
32,Individual,Asia Pacific,Standard,746.84,0.2238,4.0,215
33,SMB,Europe,Standard,7030.87,0.1083,13.0,217
34,SMB,Latin America,Standard,5108.89,0.1138,4.0,496
35,Startup,Europe,Premium,3021.03,0.055,3.0,308
36,SMB,Europe,Basic,5208.2,0.1384,7.0,220
37,SMB,North America,Basic,4981.67,0.1056,6.0,520
38,Startup,Europe,Premium,4086.25,0.0952,1.0,307
39,SMB,Europe,Basic,6497.88,0.1626,7.0,379
40,Startup,North America,Basic,3184.65,0.0613,3.0,115
41,SMB,North America,Standard,13681.9,0.1313,5.0,449
42,Individual,Europe,Basic,535.68,0.2346,5.0,162
43,Startup,Europe,Basic,1927.96,0.1022,0.0,254
44,SMB,Europe,Basic,6641.58,0.1686,6.0,358
45,Individual,North America,Basic,348.87,0.1527,1.0,64
46,Individual,North America,Premium,650.42,0.151,2.0,149
47,SMB,North America,Standard,11460.55,0.1671,9.0,328
48,SMB,Asia Pacific,Standard,8222.08,0.1015,12.0,471
49,Startup,Asia Pacific,Premium,3898.47,0.073,3.0,230
50,SMB,North America,Standard,8741.93,0.1145,10.0,291
51,SMB,Europe,Basic,4053.66,0.1192,9.0,513
52,Enterprise,North America,Premium,192773.44,0.028,14.0,853
53,Startup,North America,Standard,4002.72,0.1179,3.0,258
54,Startup,North America,Basic,2782.05,0.1078,3.0,209
55,Startup,North America,Standard,3864.61,0.0991,0.0,178
56,Startup,Europe,Standard,2864.77,0.0897,5.0,377
57,Startup,Latin America,Basic,2178.77,0.1112,0.0,285
58,Startup,North America,Standard,2102.05,0.0625,2.0,316
59,SMB,Europe,Premium,8482.44,0.1002,9.0,443
60,SMB,Asia Pacific,Premium,9126.84,0.1193,9.0,307
61,Startup,Latin America,Basic,1462.61,0.0671,4.0,178
62,Startup,Europe,Standard,3677.3,0.1177,1.0,257
63,Startup,North America,Standard,4634.38,0.0525,2.0,290
64,Startup,Europe,Premium,3897.32,0.066,0.0,353
65,Startup,North America,Standard,4349.45,0.1403,5.0,464
66,Startup,Latin America,Basic,1808.68,0.1498,2.0,283
67,Startup,North America,Standard,2742.98,0.0988,5.0,197
68,SMB,Europe,Basic,6549.93,0.1372,6.0,318
69,Enterprise,North America,Standard,196504.61,0.0469,4.0,1038
70,SMB,Europe,Standard,9401.31,0.1192,10.0,353
71,SMB,Asia Pacific,Basic,8297.65,0.1055,4.0,416
72,SMB,Europe,Standard,11945.53,0.1555,8.0,543
73,Individual,Europe,Standard,639.96,0.1319,3.0,182
74,SMB,Latin America,Basic,4381.55,0.0834,10.0,353
75,SMB,Asia Pacific,Standard,8492.42,0.1199,9.0,387
76,SMB,North America,Standard,7588.75,0.1729,8.0,453
77,SMB,Europe,Basic,7956.08,0.1174,8.0,463
78,Startup,Europe,Standard,3987.22,0.1108,7.0,291
79,Startup,Europe,Standard,2181.56,0.1254,4.0,249
80,Startup,North America,Premium,2918.4,0.1159,2.0,74
81,Startup,North America,Standard,5207.45,0.0964,6.0,211
82,SMB,Latin America,Standard,7090.62,0.165,6.0,339
83,Individual,Latin America,Basic,210.09,0.1457,7.0,165
84,SMB,Asia Pacific,Standard,10466.57,0.1725,7.0,429
85,Enterprise,Latin America,Basic,101830.55,0.0418,11.0,970
86,SMB,Asia Pacific,Standard,6990.14,0.1319,3.0,317
87,Startup,Asia Pacific,Standard,3521.39,0.1065,3.0,302
88,Startup,Asia Pacific,Standard,2259.67,0.0745,2.0,183
89,SMB,Europe,Basic,6717.19,0.1248,2.0,520
90,Startup,Europe,Standard,2947.45,0.0999,3.0,288
91,SMB,North America,Standard,5898.04,0.0822,13.0,154
92,Startup,Europe,Basic,2047.4,0.1462,2.0,292
93,SMB,North America,Standard,7284.63,0.1059,6.0,407
94,SMB,North America,Standard,8054.82,0.1393,5.0,382
95,SMB,Europe,Basic,7137.45,0.11,10.0,454
96,Startup,Europe,Standard,4025.77,0.1343,1.0,280
97,SMB,North America,Premium,13092.75,0.1198,9.0,364
98,SMB,Asia Pacific,Standard,5273.82,0.1135,6.0,403
99,SMB,Asia Pacific,Premium,8739.74,0.1437,2.0,456
100,Individual,North America,Standard,859.19,0.1538,1.0,157
101,Individual,North America,Basic,469.12,0.1014,4.0,152
102,Startup,North America,Premium,5945.34,0.0881,4.0,281
103,SMB,Asia Pacific,Basic,5535.01,0.1468,7.0,682
104,Individual,Asia Pacific,Basic,302.28,0.1848,4.0,1
105,Startup,North America,Basic,2001.78,0.0506,2.0,329
106,Startup,Asia Pacific,Basic,1116.45,0.1244,1.0,253
107,SMB,North America,Basic,6428.08,0.1652,4.0,419
108,SMB,North America,Basic,6874.86,0.1374,6.0,418
109,SMB,Latin America,Standard,6543.01,0.1214,4.0,209
110,Individual,North America,Standard,358.01,0.2048,1.0,146
111,Startup,North America,Standard,1864.09,0.1478,5.0,252
112,SMB,Europe,Standard,6682.21,0.1584,7.0,340
113,SMB,Europe,Standard,8471.46,0.1128,4.0,293
114,Startup,Latin America,Basic,2215.21,0.1187,2.0,283
115,SMB,Latin America,Premium,7588.72,0.1068,5.0,540
116,Individual,North America,Basic,524.66,0.2087,1.0,62
117,Startup,North America,Standard,4578.73,0.1497,1.0,345
118,Startup,Asia Pacific,Premium,4119.17,0.1275,5.0,415
119,SMB,North America,Premium,12170.46,0.1749,3.0,362
120,Startup,Asia Pacific,Standard,3682.32,0.089,2.0,263
121,Startup,Europe,Standard,2656.97,0.0566,2.0,271
122,Startup,North America,Premium,4718.91,0.1293,5.0,218
123,SMB,Asia Pacific,Standard,8313.89,0.1724,10.0,342
124,SMB,North America,Standard,11677.96,0.1408,12.0,408
125,Enterprise,Europe,Standard,154560.72,0.0342,8.0,1111
126,Startup,Europe,Standard,3364.12,0.0805,2.0,279
127,SMB,Europe,Standard,8583.48,0.1725,3.0,419
128,SMB,Europe,Standard,9338.87,0.132,11.0,334
129,SMB,Europe,Premium,14481.64,0.1468,3.0,319
130,Startup,Latin America,Premium,2451.88,0.1461,1.0,337
131,SMB,Latin America,Standard,5731.71,0.0859,6.0,406
132,Individual,Europe,Basic,574.75,0.1005,2.0,132
133,Startup,North America,Basic,2760.65,0.0529,2.0,356
134,SMB,Asia Pacific,Basic,4223.94,0.1165,3.0,549
135,Startup,Latin America,Standard,3155.82,0.0874,5.0,125
136,Enterprise,North America,Standard,229841.07,0.0495,10.0,880
137,Individual,Europe,Standard,391.05,0.1071,3.0,103
138,Startup,Europe,Basic,2015.45,0.0864,2.0,311
139,Startup,North America,Basic,2487.18,0.1124,1.0,189
140,SMB,Europe,Basic,5913.15,0.0852,5.0,450
141,Startup,North America,Basic,2333.63,0.0742,3.0,304
142,Startup,Asia Pacific,Standard,3791.53,0.0843,2.0,355
143,Individual,Asia Pacific,Basic,73.88,0.2365,2.0,108
144,Startup,Asia Pacific,Basic,2216.0,0.1278,5.0,294
145,Startup,Europe,Standard,3361.56,0.1325,3.0,320
146,SMB,North America,Basic,6055.32,0.1,5.0,427
147,SMB,Asia Pacific,Premium,8620.36,0.1567,10.0,403
148,Startup,Asia Pacific,Basic,1471.49,0.14,1.0,197
149,SMB,Europe,Basic,7485.35,0.1559,7.0,351
150,Enterprise,Asia Pacific,Premium,190917.67,0.012,5.0,1104
151,Individual,North America,Basic,281.24,0.2255,5.0,143
152,Individual,Asia Pacific,Premium,418.73,0.245,4.0,71
153,SMB,North America,Basic,6686.81,0.1628,7.0,210
154,Startup,North America,Basic,1864.24,0.135,5.0,250
155,SMB,Europe,Basic,3516.98,0.1466,10.0,262
156,Startup,North America,Basic,1554.85,0.1214,1.0,332
157,SMB,North America,Premium,14834.49,0.1734,6.0,358
158,Startup,North America,Standard,3892.48,0.1353,1.0,238
159,Startup,Europe,Standard,3722.23,0.1407,4.0,153
160,Startup,Asia Pacific,Premium,2380.87,0.1372,7.0,268
161,SMB,North America,Standard,6756.08,0.1288,9.0,274
162,Individual,Europe,Standard,626.63,0.2278,3.0,90
163,SMB,Asia Pacific,Standard,4247.23,0.1775,6.0,384
164,Enterprise,North America,Standard,211883.49,0.0196,13.0,1190
165,Startup,North America,Basic,4073.55,0.1101,5.0,230
166,SMB,Asia Pacific,Standard,8428.93,0.1171,6.0,355
167,Individual,Asia Pacific,Basic,328.1,0.2116,3.0,192
168,Individual,Europe,Standard,496.44,0.1704,0.0,168
169,SMB,Asia Pacific,Standard,7924.78,0.1726,4.0,181
170,Individual,North America,Standard,499.21,0.2476,4.0,132
171,SMB,North America,Standard,14040.99,0.1273,8.0,419
172,Startup,Asia Pacific,Standard,2877.79,0.1492,4.0,245
173,SMB,North America,Standard,11461.81,0.1193,2.0,360
174,Individual,Asia Pacific,Standard,437.63,0.2433,4.0,133
175,SMB,Europe,Standard,11608.24,0.0906,3.0,476
176,Enterprise,Asia Pacific,Standard,117923.41,0.0465,11.0,798
177,SMB,Europe,Standard,8865.63,0.1201,4.0,255
178,Individual,North America,Basic,385.52,0.2338,2.0,123
179,Individual,North America,Standard,561.44,0.1749,2.0,187
180,Startup,North America,Basic,2527.11,0.058,4.0,289
181,Individual,Asia Pacific,Basic,262.55,0.1458,0.0,119
182,Individual,North America,Basic,475.29,0.2131,7.0,222
183,Startup,North America,Basic,2913.45,0.1203,8.0,216
184,SMB,North America,Premium,15996.06,0.0809,6.0,485
185,Startup,North America,Standard,3408.14,0.066,4.0,292
186,Startup,Asia Pacific,Standard,2312.07,0.0892,1.0,400
187,SMB,North America,Basic,5487.59,0.1474,5.0,507
188,SMB,Latin America,Standard,5702.49,0.1078,11.0,367
189,Startup,North America,Standard,2234.28,0.1152,1.0,239
190,SMB,Europe,Basic,4620.02,0.1144,11.0,456
191,Individual,Europe,Premium,658.29,0.1367,3.0,91
192,SMB,North America,Standard,11392.43,0.1193,4.0,248
193,SMB,Asia Pacific,Basic,5202.63,0.1019,6.0,591
194,Individual,Latin America,Premium,682.07,0.1824,2.0,194
195,SMB,Asia Pacific,Standard,7021.81,0.1552,12.0,253
196,SMB,North America,Basic,6360.72,0.0919,2.0,429
197,Startup,North America,Premium,4781.57,0.1344,3.0,356
198,Individual,Europe,Standard,526.61,0.1185,3.0,5
199,SMB,North America,Standard,7760.35,0.1171,10.0,362
200,SMB,Asia Pacific,Basic,5785.2,0.177,6.0,363
201,Startup,Europe,Premium,2726.02,0.0727,2.0,315
202,Individual,Europe,Basic,470.01,0.1733,3.0,35
203,Startup,Asia Pacific,Basic,1823.01,0.0754,3.0,376
204,SMB,Asia Pacific,Standard,10227.46,0.1108,8.0,427
205,Enterprise,North America,Standard,205576.44,0.0225,6.0,921
206,SMB,North America,Standard,7178.04,0.1347,4.0,358
207,SMB,Europe,Basic,6630.21,0.1719,7.0,483
208,Startup,Europe,Standard,3139.77,0.0837,2.0,332
209,SMB,North America,Standard,17889.71,0.1106,5.0,480
210,Startup,Europe,Premium,3735.5,0.0596,2.0,175
211,Startup,Asia Pacific,Basic,2569.02,0.124,1.0,327
212,Startup,Asia Pacific,Standard,1571.83,0.0782,0.0,331
213,SMB,Europe,Basic,3324.8,0.0863,5.0,329
214,Individual,North America,Standard,507.37,0.1871,3.0,161
215,Startup,North America,Basic,2008.87,0.097,2.0,287
216,Startup,Europe,Premium,4292.46,0.103,4.0,114
217,SMB,North America,Premium,7072.1,0.1499,3.0,407
218,SMB,Europe,Basic,5550.29,0.1368,6.0,482
219,Individual,Europe,Basic,292.43,0.1556,4.0,58
220,SMB,North America,Standard,10502.57,0.1276,9.0,607
221,SMB,North America,Standard,7586.75,0.0992,5.0,395
222,Startup,North America,Standard,4235.02,0.0547,2.0,362
223,Startup,Asia Pacific,Standard,2184.52,0.0878,4.0,265
224,Individual,Europe,Standard,275.96,0.1011,4.0,145
225,SMB,North America,Basic,8968.17,0.1013,4.0,449
226,Individual,Asia Pacific,Standard,327.6,0.2397,5.0,164
227,Enterprise,Europe,Basic,104747.39,0.0357,15.0,1032
228,Startup,Europe,Premium,4229.09,0.1048,2.0,266
229,Startup,Latin America,Premium,2006.49,0.1079,2.0,239
230,SMB,North America,Basic,7615.86,0.1534,3.0,403
231,SMB,North America,Standard,6370.87,0.0964,11.0,581
232,SMB,Europe,Basic,5812.63,0.1367,6.0,487
233,Individual,North America,Premium,907.99,0.1027,1.0,81
234,Startup,Europe,Basic,1146.13,0.07,3.0,382
235,Individual,North America,Basic,83.97,0.1587,3.0,166
236,Individual,North America,Basic,411.58,0.2257,4.0,96
237,Startup,North America,Premium,7465.27,0.09,2.0,349
238,Startup,Europe,Standard,3939.23,0.1333,4.0,296
239,Enterprise,North America,Standard,196526.68,0.0206,8.0,992
240,SMB,North America,Standard,9776.78,0.0851,2.0,482
241,Individual,Asia Pacific,Standard,303.78,0.1396,5.0,160
242,Startup,North America,Premium,7250.59,0.1007,3.0,213
243,SMB,North America,Standard,8373.89,0.1608,5.0,476
244,Startup,North America,Standard,5631.0,0.1227,1.0,305
245,Startup,North America,Standard,4937.78,0.1186,3.0,250
246,Individual,North America,Standard,130.67,0.202,4.0,106
247,Startup,Europe,Standard,2713.96,0.1483,5.0,154
248,SMB,North America,Basic,8743.57,0.0916,6.0,333
249,SMB,Asia Pacific,Standard,7750.51,0.1696,7.0,446
250,SMB,Latin America,Standard,4391.08,0.0961,6.0,483
251,Startup,North America,Standard,6476.39,0.0779,3.0,55
252,Individual,North America,Basic,547.22,0.1811,3.0,122
253,Startup,North America,Standard,3819.81,0.1131,6.0,342
254,SMB,Europe,Standard,9678.95,0.1173,8.0,283
255,SMB,North America,Basic,6102.44,0.1354,8.0,261
256,Startup,Asia Pacific,Standard,2933.74,0.0763,0.0,358
257,Individual,Asia Pacific,Basic,309.54,0.2188,7.0,129
258,SMB,Asia Pacific,Basic,6654.26,0.1557,3.0,410
259,SMB,Europe,Premium,13790.74,0.1134,3.0,591
260,Startup,Latin America,Standard,2772.77,0.1271,3.0,295
261,SMB,North America,Basic,5034.43,0.1222,3.0,403
262,Individual,Europe,Basic,332.36,0.1029,3.0,104
263,SMB,North America,Standard,7576.48,0.1006,7.0,365
264,SMB,Latin America,Premium,9466.06,0.1205,7.0,281
265,Individual,Europe,Standard,641.44,0.2089,3.0,71
266,SMB,Asia Pacific,Premium,4839.08,0.1376,7.0,283
267,SMB,North America,Basic,7254.73,0.1523,4.0,409
268,SMB,Latin America,Standard,5424.53,0.1636,8.0,326
269,SMB,Europe,Basic,3096.68,0.1209,4.0,350
270,Enterprise,Europe,Basic,110784.49,0.024,13.0,995
271,SMB,Latin America,Basic,7282.9,0.1297,11.0,245
272,SMB,North America,Basic,9054.46,0.1366,4.0,408
273,SMB,North America,Basic,6287.71,0.0908,6.0,485
274,Startup,Europe,Basic,1404.69,0.1428,2.0,73
275,Startup,North America,Basic,1847.65,0.0978,4.0,295
276,SMB,North America,Premium,15981.04,0.1186,4.0,395
277,SMB,North America,Standard,8775.51,0.1773,2.0,338
278,Startup,North America,Standard,3964.56,0.1318,2.0,329
279,Individual,Asia Pacific,Basic,453.51,0.1215,1.0,183
280,Individual,Europe,Basic,499.79,0.129,1.0,167
281,Enterprise,North America,Standard,155395.7,0.0204,12.0,1141
282,SMB,Europe,Standard,8535.81,0.1235,6.0,456
283,SMB,Europe,Standard,11835.63,0.1248,7.0,405
284,SMB,Europe,Basic,8022.66,0.1501,7.0,423
285,Startup,Latin America,Standard,3363.62,0.1241,1.0,316
286,SMB,Latin America,Premium,12639.23,0.134,7.0,359
287,Enterprise,North America,Basic,142830.81,0.0256,21.0,903
288,SMB,North America,Basic,9446.6,0.1557,12.0,205
289,Startup,Europe,Standard,1559.99,0.1284,4.0,312
290,SMB,Europe,Standard,15996.26,0.1596,5.0,352
291,Individual,Europe,Basic,472.63,0.2391,5.0,139
292,SMB,Europe,Basic,5098.41,0.0969,5.0,303
293,Individual,Europe,Basic,350.59,0.1759,4.0,105
294,SMB,North America,Standard,10553.36,0.1634,6.0,410
295,Individual,North America,Standard,760.89,0.1315,6.0,111
296,Individual,North America,Premium,624.89,0.1301,3.0,148
297,Individual,North America,Basic,404.09,0.2173,2.0,116
298,Individual,North America,Premium,782.41,0.2008,1.0,139
299,Startup,Asia Pacific,Premium,2137.58,0.1202,4.0,270
300,Startup,North America,Basic,2156.06,0.1146,1.0,148
301,Startup,North America,Basic,3894.12,0.0842,3.0,277
302,SMB,Europe,Basic,8053.16,0.13,7.0,207
303,Startup,Asia Pacific,Standard,2668.6,0.0747,2.0,386
304,Startup,North America,Standard,2752.72,0.1462,4.0,341
305,Individual,Asia Pacific,Standard,287.38,0.1465,2.0,151
306,Startup,Latin America,Standard,2049.34,0.1061,1.0,391
307,SMB,Europe,Standard,10209.73,0.1743,2.0,272
308,Startup,Europe,Standard,4047.0,0.1237,4.0,116
309,SMB,North America,Standard,7563.54,0.1134,3.0,339
310,SMB,Latin America,Basic,3512.18,0.0894,7.0,486
311,Startup,North America,Basic,3072.54,0.0555,3.0,184
312,SMB,Latin America,Premium,9330.91,0.1643,5.0,412
313,SMB,Europe,Standard,8740.7,0.1456,8.0,460
314,SMB,North America,Standard,10116.83,0.1767,6.0,339
315,SMB,North America,Standard,10801.95,0.1143,8.0,480
316,SMB,Europe,Standard,7419.89,0.1351,7.0,373
317,SMB,Europe,Standard,12024.45,0.159,11.0,418
318,Startup,North America,Basic,2454.78,0.0941,1.0,389
319,SMB,Asia Pacific,Standard,6776.49,0.1764,9.0,366
320,Individual,Asia Pacific,Basic,432.98,0.1916,3.0,87
321,Individual,Europe,Premium,592.42,0.1006,0.0,123
322,Startup,Europe,Premium,5188.26,0.0706,2.0,161
323,SMB,North America,Standard,11954.57,0.1682,3.0,405
324,Startup,Asia Pacific,Premium,4186.32,0.0955,1.0,311
325,Individual,North America,Standard,602.22,0.1447,4.0,71
326,Startup,Asia Pacific,Basic,1203.67,0.1056,3.0,306
327,Individual,North America,Standard,422.96,0.1346,0.0,105
328,Startup,Europe,Standard,3760.42,0.1254,6.0,134
329,Startup,North America,Standard,4467.24,0.1018,3.0,221
330,SMB,North America,Standard,8479.71,0.0972,1.0,360
331,Startup,Asia Pacific,Standard,3254.01,0.1063,3.0,208
332,SMB,Europe,Standard,7323.47,0.1108,8.0,539
333,Startup,Europe,Basic,2245.33,0.1206,2.0,211
334,Individual,Latin America,Premium,623.57,0.1928,5.0,116
335,SMB,Latin America,Standard,7382.5,0.1664,4.0,337
336,Startup,Asia Pacific,Basic,2389.02,0.0783,3.0,326
337,SMB,North America,Basic,6410.69,0.1234,6.0,325
338,Startup,Europe,Standard,4067.8,0.1027,2.0,339
339,SMB,Asia Pacific,Standard,5542.86,0.091,7.0,589
340,Individual,North America,Premium,905.62,0.1412,3.0,202
341,SMB,North America,Standard,14025.88,0.1742,15.0,320
342,Individual,Asia Pacific,Premium,594.77,0.2343,3.0,123
343,Individual,Europe,Basic,371.24,0.2185,3.0,142
344,Startup,Europe,Standard,3408.51,0.1167,1.0,367
345,Startup,Latin America,Basic,1560.86,0.1033,9.0,273
346,Startup,Europe,Premium,3786.54,0.0638,3.0,310
347,Individual,Europe,Basic,136.03,0.1791,1.0,52
348,SMB,North America,Basic,9086.19,0.1693,6.0,352
349,Startup,Europe,Premium,4728.0,0.1087,5.0,233
350,SMB,North America,Premium,14969.32,0.1351,5.0,271
351,Startup,Asia Pacific,Premium,4602.36,0.1377,3.0,319
352,SMB,Asia Pacific,Basic,4774.25,0.1456,5.0,428
353,Startup,North America,Standard,3964.17,0.0774,2.0,321
354,Startup,North America,Standard,2692.91,0.0657,7.0,143
355,Startup,Asia Pacific,Standard,2268.15,0.1476,2.0,198
356,Startup,North America,Basic,3143.11,0.0736,5.0,169
357,Startup,Europe,Standard,4858.3,0.0701,1.0,283
358,Startup,Europe,Standard,3722.67,0.1121,2.0,220
359,Startup,Europe,Basic,1757.19,0.1056,5.0,258
360,Startup,North America,Standard,3925.38,0.0726,3.0,225
361,Individual,Europe,Basic,320.41,0.1354,6.0,172
362,SMB,North America,Premium,12713.3,0.1602,7.0,438
363,SMB,Europe,Standard,9792.39,0.1217,4.0,360
364,SMB,North America,Basic,6280.81,0.0826,6.0,340
365,Startup,Europe,Basic,2284.07,0.0865,3.0,145
366,SMB,Europe,Basic,8743.46,0.1032,8.0,462
367,Startup,North America,Standard,3981.44,0.1047,0.0,266
368,Startup,North America,Standard,2864.27,0.1255,2.0,349
369,SMB,North America,Standard,12230.74,0.108,10.0,328
370,Individual,North America,Standard,557.16,0.2344,2.0,108
371,Startup,North America,Standard,4743.89,0.1466,2.0,110
372,SMB,Latin America,Standard,6817.42,0.0974,5.0,523
373,SMB,Europe,Standard,8800.59,0.1627,5.0,528
374,SMB,Asia Pacific,Standard,8093.26,0.1351,4.0,538
375,SMB,Latin America,Standard,10355.84,0.1574,6.0,442
376,SMB,North America,Premium,13529.09,0.1638,4.0,409
377,Individual,Europe,Basic,217.88,0.1193,3.0,133
378,SMB,Asia Pacific,Basic,5753.98,0.0863,6.0,289
379,SMB,Europe,Premium,11548.34,0.1599,5.0,356
380,Startup,Europe,Basic,2613.03,0.1405,1.0,300
381,Startup,Europe,Basic,2200.8,0.0897,0.0,242
382,Individual,North America,Standard,916.96,0.1675,2.0,130
383,Startup,Europe,Standard,4243.83,0.1385,1.0,242
384,Startup,Latin America,Premium,3985.99,0.109,6.0,192
385,SMB,Latin America,Premium,7642.0,0.1405,8.0,515
386,Individual,North America,Basic,304.08,0.2303,2.0,82
387,Startup,Asia Pacific,Basic,2129.81,0.0577,1.0,331
388,Individual,North America,Premium,459.0,0.2044,2.0,124
389,SMB,Latin America,Basic,4879.17,0.1357,4.0,307
390,Individual,North America,Premium,804.03,0.2157,3.0,56
391,Startup,Latin America,Standard,1978.47,0.1191,3.0,393
392,SMB,Asia Pacific,Basic,4078.81,0.1578,6.0,594
393,Startup,North America,Standard,5162.74,0.1131,2.0,88
394,Startup,North America,Premium,7204.19,0.0707,1.0,359
395,Enterprise,Asia Pacific,Standard,143718.6,0.0313,7.0,852
396,Startup,North America,Basic,2873.85,0.1126,6.0,259
397,Individual,Europe,Standard,589.53,0.1876,1.0,147
398,SMB,Latin America,Standard,9922.72,0.104,2.0,584
399,Startup,Europe,Premium,4746.43,0.1223,3.0,396
400,SMB,North America,Standard,13268.55,0.166,7.0,512
401,SMB,Europe,Standard,11047.4,0.1088,5.0,465
402,Individual,North America,Basic,215.91,0.2174,2.0,78
403,Startup,Latin America,Basic,1280.37,0.075,1.0,246
404,SMB,North America,Basic,6974.67,0.176,10.0,502
405,Individual,North America,Basic,248.36,0.2379,5.0,147
406,Individual,North America,Standard,826.0,0.1257,2.0,65
407,SMB,Latin America,Standard,6375.22,0.1729,6.0,302
408,Individual,North America,Standard,556.05,0.198,3.0,177
409,SMB,Asia Pacific,Standard,9731.39,0.135,7.0,415
410,Individual,Asia Pacific,Basic,394.57,0.2428,2.0,154
411,Startup,Asia Pacific,Basic,921.29,0.1416,7.0,219
412,Startup,Latin America,Basic,1746.73,0.1128,4.0,289
413,SMB,Asia Pacific,Standard,8281.07,0.1768,5.0,471
414,Individual,Latin America,Standard,470.21,0.1721,4.0,135
415,Enterprise,North America,Standard,184262.19,0.0176,10.0,921
416,SMB,Asia Pacific,Premium,10885.61,0.1634,2.0,467
417,SMB,Europe,Standard,9942.03,0.1621,6.0,414
418,Startup,Europe,Standard,2802.97,0.0583,5.0,340
419,SMB,Asia Pacific,Premium,7044.68,0.1549,3.0,496
420,Individual,Latin America,Basic,482.28,0.1764,2.0,135
421,Startup,Asia Pacific,Premium,2887.96,0.1041,4.0,117
422,Enterprise,Europe,Standard,157406.55,0.0135,11.0,788
423,Enterprise,Europe,Basic,73861.21,0.0257,11.0,961
424,SMB,North America,Premium,15113.09,0.1732,4.0,408
425,Startup,North America,Basic,2481.31,0.1417,5.0,74
426,Individual,North America,Basic,564.5,0.1523,3.0,92
427,SMB,North America,Premium,18578.64,0.0911,4.0,458
428,Individual,North America,Basic,555.53,0.2163,5.0,143
429,SMB,Asia Pacific,Basic,5770.86,0.0912,2.0,320
430,Individual,Europe,Basic,355.12,0.2435,2.0,39
431,Individual,Latin America,Basic,300.6,0.2388,0.0,143
432,Startup,Europe,Basic,2489.69,0.1454,1.0,218
433,Startup,North America,Standard,5514.96,0.0942,4.0,316
434,Individual,North America,Standard,908.06,0.2159,2.0,87
435,Enterprise,North America,Basic,121242.86,0.032,10.0,1145
436,SMB,Latin America,Basic,4596.7,0.1304,8.0,555
437,SMB,North America,Standard,11366.75,0.1546,7.0,312
438,Startup,Europe,Basic,2772.12,0.1199,5.0,120
439,Startup,Latin America,Standard,2758.83,0.1025,2.0,349
440,Startup,Latin America,Basic,1753.76,0.0648,2.0,146
441,Individual,North America,Basic,435.91,0.2387,2.0,150
442,SMB,North America,Standard,11701.57,0.145,11.0,392
443,Startup,North America,Standard,4461.47,0.1129,6.0,260
444,SMB,North America,Standard,5966.97,0.151,8.0,411
445,SMB,North America,Standard,9282.37,0.1592,7.0,461
446,Startup,Europe,Standard,3079.31,0.0521,7.0,234
447,Individual,Latin America,Premium,542.96,0.1591,2.0,123
448,Startup,Europe,Standard,4378.14,0.114,6.0,267
449,SMB,Europe,Standard,9487.59,0.11,4.0,261
450,Startup,North America,Standard,2958.16,0.1175,3.0,270
451,Enterprise,Asia Pacific,Basic,90853.51,0.0466,11.0,922
452,Individual,Europe,Basic,444.12,0.1778,4.0,171
453,Startup,Asia Pacific,Basic,2604.67,0.0557,4.0,210
454,SMB,Latin America,Basic,4422.82,0.1047,5.0,360
455,SMB,North America,Basic,7746.48,0.1216,7.0,376
456,SMB,North America,Standard,5690.41,0.1168,7.0,576
457,Individual,North America,Basic,473.1,0.1262,6.0,134
458,Startup,Europe,Premium,6125.45,0.1311,6.0,189
459,Startup,Latin America,Standard,1582.63,0.0576,2.0,192
460,Startup,North America,Standard,2045.89,0.1132,1.0,167
461,Startup,Asia Pacific,Basic,1554.21,0.062,3.0,326
462,SMB,Europe,Basic,4370.67,0.1744,3.0,493
463,Individual,North America,Premium,720.74,0.1635,4.0,104
464,SMB,North America,Standard,9758.36,0.12,5.0,263
465,Startup,Europe,Standard,4334.6,0.0552,3.0,115
466,Startup,Europe,Basic,1223.94,0.1055,4.0,314
467,Startup,Europe,Basic,3042.02,0.0645,1.0,196
468,Individual,North America,Standard,795.07,0.1632,0.0,81
469,SMB,Asia Pacific,Standard,6715.39,0.1422,8.0,355
470,Startup,North America,Standard,2329.51,0.0574,0.0,223
471,SMB,Latin America,Standard,9430.05,0.1384,7.0,519
472,Startup,North America,Basic,2678.77,0.0564,2.0,140
473,SMB,North America,Basic,8853.67,0.1334,9.0,403
474,SMB,Europe,Standard,7626.85,0.0802,8.0,228
475,SMB,Europe,Standard,9338.51,0.1648,7.0,542
476,SMB,Europe,Premium,11281.34,0.1162,6.0,365
477,SMB,Europe,Premium,6584.8,0.094,6.0,386
478,Startup,Latin America,Standard,3078.51,0.1028,1.0,183
479,Startup,Europe,Standard,4432.71,0.1273,3.0,269
480,SMB,Europe,Basic,7309.48,0.1437,7.0,500
481,SMB,Europe,Standard,7145.54,0.1325,4.0,460
482,SMB,North America,Standard,9204.37,0.0844,5.0,420
483,Startup,Europe,Premium,2410.13,0.1413,5.0,117
484,SMB,North America,Standard,12566.4,0.1257,6.0,288
485,Enterprise,Europe,Basic,130044.0,0.0346,8.0,784
486,SMB,North America,Standard,10480.93,0.1573,3.0,508
487,Startup,Latin America,Basic,1208.67,0.0681,1.0,238
488,SMB,Europe,Basic,7940.77,0.1449,6.0,328
489,Startup,Asia Pacific,Premium,2519.89,0.1227,2.0,238
490,Startup,Europe,Basic,2200.14,0.1041,2.0,202
491,Startup,North America,Basic,2493.04,0.1029,4.0,126
492,Startup,Asia Pacific,Standard,3393.81,0.0695,2.0,153
493,Startup,Europe,Premium,3573.13,0.119,4.0,275
494,SMB,Asia Pacific,Basic,5546.97,0.1788,6.0,465
495,Startup,Europe,Basic,2370.93,0.0683,3.0,216
496,Startup,Europe,Standard,4185.62,0.1444,3.0,347
497,SMB,Asia Pacific,Standard,4761.19,0.1022,7.0,385
498,Startup,Europe,Standard,1973.42,0.1028,1.0,219
499,SMB,North America,Basic,3938.97,0.106,6.0,393
500,Startup,Europe,Standard,2343.85,0.0866,4.0,372
501,Startup,Europe,Premium,5455.52,0.1443,2.0,261
502,Individual,Latin America,Basic,327.9,0.1292,4.0,94
503,Individual,North America,Basic,445.91,0.232,3.0,74
504,Startup,Europe,Basic,1947.01,0.0734,2.0,398
505,Startup,Asia Pacific,Standard,2792.09,0.0552,4.0,230
506,Startup,Europe,Premium,4659.74,0.0938,0.0,178
507,SMB,Asia Pacific,Basic,4039.91,0.1371,4.0,335
508,Individual,Europe,Basic,455.3,0.2016,4.0,115
509,Startup,North America,Standard,2323.3,0.1095,3.0,318
510,SMB,Asia Pacific,Basic,5270.58,0.1527,6.0,489
511,SMB,North America,Standard,7151.37,0.1736,10.0,317
512,Individual,North America,Standard,605.98,0.1661,5.0,103
513,SMB,Europe,Premium,8357.67,0.0996,7.0,464
514,SMB,Asia Pacific,Premium,10927.89,0.148,7.0,524
515,SMB,Asia Pacific,Standard,7636.72,0.1143,2.0,506
516,SMB,North America,Basic,9072.61,0.0849,5.0,454
517,SMB,North America,Premium,12501.01,0.1102,8.0,253
518,Startup,Latin America,Standard,2414.22,0.0861,3.0,282
519,Enterprise,North America,Standard,196900.57,0.012,15.0,963
520,Individual,North America,Standard,542.06,0.1911,2.0,117
521,Individual,North America,Standard,659.71,0.1247,4.0,146
522,SMB,Europe,Standard,10097.67,0.1317,1.0,385
523,SMB,Asia Pacific,Standard,12291.47,0.0805,4.0,347
524,Startup,Asia Pacific,Basic,1007.6,0.0822,6.0,326
525,SMB,Asia Pacific,Basic,4963.83,0.0908,3.0,359
526,SMB,North America,Standard,8218.18,0.1279,2.0,342
527,Individual,North America,Basic,533.88,0.2453,1.0,69
528,Individual,Europe,Basic,533.86,0.2339,2.0,64
529,Startup,North America,Basic,2411.72,0.111,4.0,305
530,SMB,North America,Basic,8545.03,0.0814,5.0,462
531,Startup,North America,Basic,2425.87,0.1224,5.0,107
532,Startup,North America,Basic,1864.64,0.0646,6.0,476
533,SMB,Europe,Basic,6989.29,0.0857,4.0,430
534,Startup,Asia Pacific,Premium,4502.1,0.0601,3.0,143
535,Enterprise,North America,Basic,94147.45,0.0378,10.0,662
536,SMB,Europe,Standard,14138.67,0.1179,3.0,528
537,Startup,Asia Pacific,Basic,2486.87,0.0929,6.0,330
538,SMB,Asia Pacific,Standard,8166.07,0.1048,6.0,551
539,SMB,Asia Pacific,Premium,8026.96,0.126,7.0,393
540,Individual,Europe,Standard,577.01,0.1347,2.0,85
541,Individual,Asia Pacific,Standard,331.97,0.2087,3.0,136
542,Startup,North America,Standard,3858.42,0.1301,3.0,119
543,Individual,North America,Standard,442.94,0.2225,1.0,159
544,Individual,North America,Standard,591.41,0.1216,2.0,50
545,SMB,Europe,Standard,7663.43,0.1144,5.0,378
546,SMB,North America,Standard,11419.59,0.1008,3.0,267
547,SMB,North America,Basic,7374.03,0.0987,6.0,416
548,SMB,Asia Pacific,Standard,8009.83,0.1291,7.0,370
549,Startup,North America,Standard,3088.57,0.1431,2.0,307
550,SMB,North America,Standard,10634.53,0.1226,7.0,269
551,Startup,North America,Standard,4960.27,0.0861,4.0,311
552,SMB,Europe,Standard,8930.01,0.1079,8.0,570
553,SMB,North America,Basic,5643.09,0.1792,6.0,549
554,Individual,North America,Basic,411.39,0.2167,1.0,67
555,Enterprise,North America,Standard,186372.69,0.0158,9.0,923
556,SMB,Asia Pacific,Basic,5888.76,0.1457,6.0,365
557,SMB,Latin America,Premium,8132.27,0.1257,6.0,449
558,Startup,Europe,Standard,3076.04,0.1496,3.0,228
559,Startup,Europe,Standard,1228.0,0.1424,8.0,294
560,Startup,Asia Pacific,Premium,3500.06,0.1371,3.0,249
561,SMB,Latin America,Basic,3605.92,0.0867,7.0,377
562,SMB,Europe,Basic,6658.14,0.115,5.0,253
563,Individual,Asia Pacific,Basic,135.72,0.1439,3.0,126
564,Startup,Latin America,Standard,2141.53,0.1034,1.0,284
565,Startup,Asia Pacific,Basic,2308.86,0.0902,2.0,211
566,Startup,Europe,Standard,3936.47,0.0609,3.0,367
567,Startup,North America,Premium,3720.85,0.1091,1.0,255
568,SMB,North America,Premium,7837.26,0.1472,6.0,271
569,SMB,Europe,Basic,7831.84,0.1576,6.0,385
570,Startup,Europe,Basic,1638.15,0.0906,3.0,170
571,SMB,Europe,Premium,13719.26,0.0936,5.0,526
572,Individual,Europe,Standard,576.91,0.2247,4.0,110
573,Startup,Europe,Basic,1727.64,0.1458,1.0,245
574,Startup,Asia Pacific,Basic,1721.84,0.079,3.0,273
575,Individual,North America,Standard,619.38,0.2047,3.0,120
576,Startup,North America,Basic,2634.99,0.0505,3.0,319
577,Individual,Asia Pacific,Basic,372.2,0.2242,3.0,133
578,Startup,Asia Pacific,Basic,2209.06,0.1363,5.0,306
579,Individual,Latin America,Premium,438.64,0.1721,3.0,116
580,SMB,Asia Pacific,Basic,7012.08,0.1625,4.0,395
581,Startup,Asia Pacific,Premium,3092.49,0.0948,3.0,303
582,Startup,North America,Basic,2246.29,0.0686,1.0,374
583,SMB,Europe,Premium,14170.24,0.0811,3.0,504
584,SMB,North America,Standard,11541.88,0.0835,5.0,490
585,Individual,Europe,Premium,525.6,0.2165,6.0,105
586,Startup,Latin America,Standard,3102.23,0.0883,3.0,172
587,SMB,North America,Standard,5426.84,0.095,5.0,360
588,SMB,Europe,Standard,6476.26,0.1159,8.0,238
589,SMB,North America,Standard,10364.06,0.0965,5.0,373
590,Enterprise,North America,Standard,172505.56,0.0331,19.0,836
591,Individual,North America,Basic,496.66,0.2146,2.0,119
592,SMB,North America,Basic,8465.95,0.135,4.0,349
593,SMB,Latin America,Basic,3347.09,0.101,6.0,449
594,Startup,Europe,Premium,4810.75,0.078,1.0,308
595,Enterprise,Asia Pacific,Standard,117351.82,0.0271,11.0,981
596,SMB,Europe,Basic,5075.59,0.122,6.0,407
597,Startup,North America,Premium,4633.26,0.1255,4.0,222
598,Startup,North America,Standard,2909.68,0.1424,0.0,194
599,Individual,Asia Pacific,Basic,302.0,0.1968,1.0,39
600,Startup,North America,Basic,2490.8,0.1113,1.0,224
601,Startup,Latin America,Standard,2663.19,0.1313,3.0,206
602,Startup,North America,Basic,2760.0,0.0904,3.0,150
603,Individual,Europe,Standard,782.84,0.1746,3.0,122
604,Startup,Asia Pacific,Basic,1519.24,0.1299,3.0,286
605,Individual,North America,Premium,512.96,0.1922,2.0,176
606,Startup,North America,Premium,5384.8,0.0988,6.0,237
607,Individual,Latin America,Basic,269.1,0.1761,1.0,134
608,SMB,North America,Standard,12138.8,0.0856,10.0,532
609,Startup,Europe,Basic,2538.53,0.1346,2.0,405
610,SMB,Europe,Standard,4723.84,0.084,4.0,449
611,Startup,North America,Basic,1710.9,0.123,5.0,266
612,Startup,Asia Pacific,Basic,1960.33,0.1488,2.0,352
613,Individual,Asia Pacific,Standard,469.36,0.1052,2.0,135
614,Individual,North America,Basic,416.17,0.1254,3.0,128
615,SMB,Asia Pacific,Standard,9961.38,0.1307,10.0,637
616,Startup,North America,Standard,3923.99,0.1305,5.0,187
617,Startup,North America,Standard,2635.1,0.074,1.0,204
618,SMB,Europe,Basic,7692.23,0.1159,1.0,463
619,SMB,Latin America,Basic,3953.73,0.0926,8.0,529
620,Enterprise,North America,Basic,143368.0,0.0161,10.0,943
621,Startup,North America,Basic,2094.73,0.0798,2.0,166
622,Startup,Europe,Basic,2203.47,0.0877,3.0,157
623,Individual,Asia Pacific,Standard,484.19,0.2064,2.0,254
624,Startup,North America,Basic,2685.5,0.0676,7.0,224
625,Individual,North America,Standard,557.47,0.1387,3.0,66
626,SMB,Asia Pacific,Standard,9103.85,0.1074,5.0,443
627,Startup,North America,Standard,2310.45,0.0524,3.0,244
628,SMB,North America,Standard,11145.96,0.1135,11.0,482
629,Startup,North America,Standard,5989.68,0.1122,2.0,182
630,Individual,Europe,Standard,626.16,0.1568,4.0,60
631,Individual,Europe,Premium,618.26,0.2412,8.0,202
632,Individual,Asia Pacific,Standard,654.77,0.2184,7.0,178
633,Enterprise,Europe,Basic,141319.56,0.0426,20.0,680
634,SMB,Europe,Basic,1427.53,0.1524,10.0,329
635,Enterprise,Latin America,Standard,107264.16,0.0415,8.0,1038
636,SMB,Europe,Standard,10212.74,0.1201,7.0,282
637,Startup,Europe,Standard,3472.42,0.1165,5.0,273
638,Startup,Latin America,Standard,3137.91,0.1394,4.0,346
639,Startup,North America,Basic,2289.1,0.1338,3.0,359
640,Individual,Asia Pacific,Standard,686.97,0.1239,0.0,142
641,Startup,Asia Pacific,Basic,2325.48,0.1457,1.0,73
642,Individual,North America,Basic,362.26,0.1398,1.0,143
643,Enterprise,Europe,Standard,123245.42,0.0461,8.0,800
644,SMB,North America,Basic,5211.33,0.1629,6.0,412
645,Startup,North America,Standard,3144.49,0.1104,4.0,246
646,Individual,Europe,Basic,199.85,0.1699,3.0,51
647,Enterprise,North America,Basic,103529.27,0.0148,14.0,761
648,Startup,Asia Pacific,Basic,2201.15,0.1025,3.0,282
649,Startup,Latin America,Basic,2018.42,0.0576,2.0,152
650,Enterprise,Asia Pacific,Basic,100793.39,0.0326,14.0,1058
651,SMB,North America,Basic,8883.95,0.1396,4.0,479
652,Individual,North America,Standard,574.49,0.2029,4.0,135
653,Startup,North America,Basic,2626.13,0.1237,2.0,314
654,SMB,North America,Basic,7569.89,0.1466,7.0,529
655,Individual,Latin America,Standard,461.36,0.1954,1.0,102
656,SMB,Europe,Basic,3531.78,0.1221,2.0,439
657,Individual,North America,Standard,606.79,0.1374,2.0,141
658,SMB,Asia Pacific,Standard,9212.18,0.1785,3.0,380
659,Startup,North America,Premium,4892.58,0.1193,2.0,301
660,SMB,North America,Standard,10176.17,0.0879,6.0,315
661,SMB,North America,Basic,6228.26,0.0903,9.0,445
662,Individual,Europe,Standard,449.25,0.1453,4.0,42
663,SMB,Asia Pacific,Standard,9250.54,0.1479,5.0,494
664,SMB,North America,Standard,8736.81,0.1552,5.0,559
665,SMB,Latin America,Standard,7361.52,0.1476,5.0,413
666,Startup,Asia Pacific,Basic,2148.66,0.0608,4.0,214
667,Individual,Asia Pacific,Basic,458.78,0.2328,0.0,140
668,Individual,North America,Premium,986.7,0.1715,1.0,177
669,SMB,North America,Standard,9705.93,0.1666,2.0,557
670,SMB,Asia Pacific,Standard,7497.26,0.1037,2.0,489
671,SMB,North America,Basic,7656.43,0.1396,9.0,406
672,Startup,Europe,Standard,3222.6,0.1017,3.0,296
673,Individual,Asia Pacific,Standard,283.44,0.1389,0.0,134
674,Startup,North America,Standard,3392.47,0.0724,4.0,316
675,Startup,Asia Pacific,Standard,2927.06,0.1017,7.0,162
676,SMB,Latin America,Standard,4861.69,0.1031,2.0,289
677,Individual,Asia Pacific,Standard,385.45,0.2107,3.0,136
678,Startup,Europe,Basic,2877.54,0.0876,0.0,340
679,SMB,Asia Pacific,Basic,7968.01,0.1128,5.0,508
680,SMB,Europe,Standard,7870.1,0.1619,6.0,414
681,SMB,Asia Pacific,Basic,4434.2,0.1685,8.0,131
682,SMB,Asia Pacific,Basic,4587.41,0.1655,8.0,334
683,Enterprise,Asia Pacific,Standard,158873.41,0.0171,12.0,824
684,Startup,North America,Standard,3497.08,0.0545,3.0,233
685,Startup,North America,Standard,3501.39,0.0692,3.0,227
686,SMB,North America,Basic,11308.57,0.1393,6.0,424
687,SMB,Europe,Standard,10099.94,0.1277,9.0,347
688,Individual,Europe,Basic,368.8,0.146,0.0,42
689,Startup,Europe,Standard,3466.99,0.0558,3.0,1
690,Startup,North America,Standard,4236.09,0.0904,3.0,225
691,SMB,Asia Pacific,Basic,6445.35,0.0978,11.0,585
692,Individual,Latin America,Standard,334.79,0.1374,4.0,148
693,SMB,North America,Basic,7372.77,0.0928,9.0,175
694,SMB,Asia Pacific,Basic,4602.08,0.1012,8.0,578
695,Individual,Europe,Basic,356.04,0.1825,2.0,256
696,Startup,Europe,Standard,3893.14,0.1369,5.0,216
697,Startup,North America,Basic,3809.01,0.119,2.0,334
698,Startup,Asia Pacific,Premium,1733.04,0.0557,2.0,172
699,Startup,Latin America,Standard,3583.18,0.0941,2.0,256
700,SMB,Asia Pacific,Basic,4127.73,0.168,3.0,500
701,SMB,Latin America,Basic,3358.43,0.1623,5.0,379
702,SMB,Latin America,Standard,7332.5,0.1792,10.0,334
703,SMB,North America,Standard,6721.44,0.1386,9.0,426
704,Individual,Europe,Basic,347.85,0.2054,1.0,117
705,SMB,Europe,Basic,4552.38,0.1749,10.0,207
706,Startup,Latin America,Standard,2797.44,0.0674,4.0,331
707,Startup,North America,Basic,2913.0,0.0527,5.0,115
708,Startup,Europe,Standard,2937.73,0.0505,7.0,219
709,SMB,Asia Pacific,Standard,6434.27,0.1576,4.0,424
710,Startup,North America,Basic,2984.93,0.1384,8.0,171
711,Individual,Asia Pacific,Basic,228.37,0.2436,3.0,143
712,Startup,North America,Standard,4684.4,0.1412,3.0,348
713,Individual,Latin America,Standard,427.51,0.1275,3.0,120
714,Individual,Asia Pacific,Premium,471.84,0.1645,3.0,65
715,Startup,North America,Basic,1951.51,0.0886,2.0,309
716,SMB,Asia Pacific,Standard,7923.05,0.1676,7.0,323
717,Startup,North America,Standard,3642.42,0.141,1.0,187
718,SMB,Europe,Basic,4705.27,0.1757,8.0,369
719,Startup,Europe,Premium,2653.79,0.0955,2.0,218
720,Individual,Asia Pacific,Standard,355.72,0.165,2.0,143
721,Startup,North America,Standard,4177.06,0.1294,2.0,369
722,SMB,North America,Basic,6964.43,0.1356,6.0,455
723,Enterprise,Asia Pacific,Standard,149110.76,0.0136,14.0,875
724,Individual,Europe,Standard,483.49,0.2027,3.0,44
725,SMB,Europe,Standard,8955.09,0.119,7.0,530
726,Enterprise,North America,Basic,110763.46,0.0235,10.0,1104
727,SMB,North America,Basic,5132.51,0.1448,9.0,482
728,SMB,Asia Pacific,Premium,5871.76,0.1531,5.0,270
729,Startup,North America,Standard,3834.47,0.1351,8.0,68
730,Startup,North America,Basic,2342.36,0.1465,1.0,329
731,SMB,Latin America,Premium,7304.8,0.0979,6.0,367
732,SMB,North America,Standard,15649.7,0.0937,4.0,425
733,SMB,Asia Pacific,Standard,9282.8,0.0947,2.0,277
734,SMB,North America,Standard,12730.39,0.1399,9.0,273
735,SMB,Asia Pacific,Standard,9110.96,0.1579,5.0,329
736,Startup,Asia Pacific,Standard,2358.46,0.1053,2.0,226
737,SMB,Asia Pacific,Standard,6104.7,0.1609,3.0,348
738,SMB,North America,Standard,3454.23,0.1391,3.0,366
739,SMB,Europe,Basic,5472.97,0.1597,9.0,326
740,SMB,Asia Pacific,Standard,8660.62,0.1777,3.0,517
741,Enterprise,North America,Premium,173703.22,0.0319,19.0,759
742,SMB,North America,Basic,7182.79,0.095,6.0,352
743,Individual,North America,Standard,484.36,0.191,1.0,101
744,Enterprise,Latin America,Basic,76788.22,0.0293,12.0,894
745,Startup,Asia Pacific,Standard,3141.0,0.0606,1.0,407
746,Startup,Europe,Basic,2452.63,0.0595,1.0,193
747,SMB,Asia Pacific,Standard,5518.75,0.1682,10.0,464
748,SMB,Europe,Standard,12351.05,0.1757,5.0,311
749,Startup,Europe,Standard,4967.94,0.1019,3.0,257
750,Individual,Europe,Premium,418.11,0.174,4.0,126
751,SMB,Europe,Standard,7432.93,0.1014,5.0,418
752,SMB,North America,Basic,5629.47,0.1187,7.0,404
753,SMB,Asia Pacific,Basic,4377.08,0.1653,10.0,392
754,Startup,Asia Pacific,Premium,5219.24,0.1426,1.0,236
755,Startup,North America,Basic,3441.36,0.0558,5.0,214
756,SMB,Europe,Basic,5859.69,0.1273,5.0,570
757,SMB,North America,Basic,5723.88,0.089,5.0,498
758,Individual,Latin America,Basic,275.34,0.1077,3.0,191
759,Enterprise,Latin America,Basic,88231.27,0.0336,13.0,877
760,Startup,Latin America,Standard,2367.06,0.1425,3.0,306
761,Startup,North America,Basic,3485.84,0.0544,3.0,427
762,SMB,North America,Basic,6516.67,0.1675,5.0,406
763,Enterprise,North America,Premium,209359.61,0.0205,8.0,899
764,SMB,North America,Standard,11318.87,0.1574,3.0,297
765,Individual,North America,Premium,671.01,0.2493,3.0,157
766,Enterprise,North America,Basic,108157.62,0.0149,11.0,994
767,SMB,Latin America,Standard,6813.58,0.168,5.0,347
768,Enterprise,North America,Basic,125152.04,0.0411,13.0,857
769,SMB,North America,Basic,5897.05,0.0972,7.0,385
770,Startup,Asia Pacific,Basic,2313.58,0.0853,1.0,270
771,SMB,Europe,Standard,9390.39,0.1522,6.0,485
772,Startup,Asia Pacific,Basic,1465.69,0.0623,2.0,292
773,Startup,Europe,Basic,2449.75,0.1146,4.0,224
774,Individual,Asia Pacific,Premium,526.69,0.2292,2.0,165
775,Enterprise,Europe,Basic,124692.97,0.0124,15.0,1004
776,Individual,Europe,Standard,682.22,0.1345,1.0,147
777,Startup,Asia Pacific,Basic,1571.02,0.1248,4.0,214
778,SMB,Europe,Standard,9738.18,0.1399,5.0,559
779,Startup,North America,Standard,593.37,0.0539,3.0,282
780,Individual,Europe,Premium,754.52,0.1091,2.0,187
781,SMB,North America,Premium,9725.46,0.1584,3.0,325
782,Individual,Asia Pacific,Premium,433.82,0.1363,2.0,159
783,Startup,North America,Basic,2357.8,0.0511,4.0,227
784,Startup,North America,Standard,3592.41,0.1398,2.0,116
785,Individual,North America,Standard,644.93,0.2025,5.0,180
786,SMB,Asia Pacific,Basic,5702.22,0.092,4.0,470
787,Individual,North America,Basic,414.16,0.1449,0.0,108
788,SMB,Europe,Standard,2759.65,0.1103,10.0,374
789,Startup,Asia Pacific,Basic,2419.15,0.1193,4.0,86
790,Startup,North America,Standard,3616.08,0.1421,2.0,430
791,SMB,Asia Pacific,Basic,4845.71,0.0989,9.0,360
792,SMB,North America,Premium,13250.96,0.1701,6.0,219
793,SMB,North America,Basic,8617.53,0.1584,13.0,279
794,SMB,Europe,Basic,5664.83,0.1144,9.0,384
795,Enterprise,Latin America,Basic,96775.28,0.0482,10.0,961
796,SMB,North America,Standard,10379.64,0.1039,2.0,199
797,Enterprise,Europe,Basic,119303.9,0.0348,10.0,779
798,SMB,North America,Standard,9225.45,0.1614,7.0,387
799,Startup,Europe,Basic,2329.91,0.0819,2.0,230
800,Startup,Europe,Basic,3154.38,0.1359,5.0,316
801,Startup,Europe,Basic,2336.11,0.0608,1.0,286
802,SMB,Europe,Standard,7945.67,0.1301,7.0,256
803,Individual,North America,Premium,938.22,0.1986,5.0,148
804,Startup,Europe,Standard,3697.98,0.0753,7.0,359
805,SMB,Europe,Premium,14013.5,0.1231,1.0,530
806,SMB,Europe,Standard,10589.17,0.1064,4.0,442
807,Startup,North America,Standard,4689.15,0.1064,8.0,292
808,SMB,Europe,Basic,5743.16,0.1019,4.0,346
809,Startup,Europe,Standard,4296.44,0.0608,2.0,217
810,Individual,North America,Standard,459.93,0.1002,2.0,129
811,Enterprise,North America,Premium,253712.31,0.0361,11.0,1030
812,Enterprise,Europe,Basic,158615.34,0.0258,10.0,968
813,Individual,Asia Pacific,Basic,365.41,0.2076,1.0,96
814,Startup,North America,Premium,2410.19,0.0541,4.0,182
815,SMB,Asia Pacific,Premium,6841.26,0.124,10.0,341
816,Individual,Europe,Standard,547.45,0.1273,6.0,95
817,Individual,Asia Pacific,Standard,422.39,0.1837,3.0,174
818,Startup,Europe,Standard,3641.56,0.0534,3.0,192
819,Startup,Europe,Standard,3585.72,0.1294,2.0,330
820,SMB,Europe,Basic,6938.11,0.1151,10.0,374
821,SMB,Latin America,Standard,4369.85,0.1411,7.0,341
822,Startup,Europe,Basic,1772.61,0.1181,6.0,318
823,SMB,Europe,Premium,9698.69,0.0941,5.0,519
824,Startup,Europe,Basic,1787.74,0.0705,3.0,354
825,Individual,Asia Pacific,Basic,211.89,0.1584,2.0,58
826,Enterprise,North America,Basic,132670.13,0.0222,10.0,784
827,Startup,Europe,Standard,300.33,0.0785,4.0,308
828,SMB,Europe,Standard,9194.18,0.0818,5.0,404
829,Individual,Latin America,Basic,262.89,0.1565,3.0,91
830,SMB,Europe,Basic,6623.73,0.1734,5.0,509
831,Startup,Europe,Standard,4996.09,0.1403,3.0,182
832,Startup,Latin America,Standard,2313.75,0.0729,0.0,78
833,SMB,Europe,Standard,9609.62,0.0869,6.0,486
834,Startup,North America,Basic,2192.66,0.1073,3.0,266
835,Startup,North America,Basic,3630.14,0.0809,2.0,337
836,Startup,North America,Basic,2449.45,0.0535,3.0,314
837,Startup,North America,Basic,2620.45,0.1319,2.0,228
838,Individual,Europe,Standard,635.5,0.2228,1.0,97
839,SMB,Asia Pacific,Standard,2564.58,0.1249,4.0,346
840,Startup,Asia Pacific,Premium,3651.3,0.1049,2.0,172
841,Enterprise,North America,Basic,135174.3,0.0362,12.0,925
842,Startup,Europe,Standard,5533.87,0.1494,3.0,126
843,Startup,North America,Standard,3904.71,0.1314,2.0,360
844,SMB,Latin America,Standard,5354.96,0.177,4.0,509
845,SMB,North America,Standard,6465.64,0.1275,3.0,375
846,Individual,Europe,Standard,346.31,0.2456,4.0,189
847,SMB,North America,Standard,9675.76,0.1473,3.0,447
848,Startup,Europe,Premium,3971.6,0.0634,6.0,237
849,SMB,Europe,Basic,8050.03,0.0802,3.0,365
850,Individual,Asia Pacific,Standard,310.53,0.2481,3.0,180
851,SMB,North America,Standard,10351.6,0.1044,3.0,571
852,SMB,Latin America,Standard,6915.55,0.1175,8.0,333
853,Individual,Europe,Basic,257.35,0.2445,2.0,3
854,Individual,Asia Pacific,Standard,223.9,0.2034,2.0,114
855,SMB,Asia Pacific,Basic,5335.84,0.1169,8.0,442
856,Startup,Latin America,Basic,1438.48,0.051,4.0,88
857,Startup,North America,Basic,3443.83,0.0873,1.0,188
858,Individual,North America,Standard,733.99,0.2416,2.0,93
859,SMB,North America,Basic,1494.38,0.1713,5.0,319
860,Startup,North America,Standard,3175.17,0.1033,2.0,235
861,Startup,Europe,Standard,4289.94,0.1223,6.0,210
862,Startup,Latin America,Standard,1874.54,0.0594,3.0,426
863,Startup,Latin America,Standard,2816.58,0.1484,3.0,207
864,Startup,Europe,Premium,6889.92,0.0837,3.0,168
865,SMB,Europe,Standard,10661.58,0.1098,3.0,568
866,Individual,Asia Pacific,Premium,327.49,0.1419,1.0,12
867,Individual,Latin America,Standard,618.81,0.1677,2.0,139
868,Startup,North America,Standard,3148.79,0.134,4.0,266
869,SMB,Europe,Basic,6995.72,0.1517,7.0,494
870,SMB,Asia Pacific,Premium,9844.6,0.1425,7.0,477
871,Startup,North America,Basic,3271.18,0.0781,5.0,129
872,Enterprise,Europe,Standard,186624.16,0.0458,15.0,1022
873,Individual,Latin America,Premium,477.51,0.1227,4.0,55
874,SMB,Latin America,Standard,10160.86,0.1627,3.0,379
875,Startup,Latin America,Premium,3182.46,0.1108,3.0,243
876,Individual,Asia Pacific,Standard,585.86,0.1332,3.0,119
877,SMB,North America,Standard,9442.07,0.1081,4.0,359
878,SMB,North America,Standard,9761.23,0.1777,3.0,286
879,Startup,Europe,Standard,3710.51,0.084,3.0,304
880,Startup,Europe,Premium,4944.82,0.0835,1.0,186
881,SMB,Europe,Standard,8712.52,0.1682,6.0,588
882,Startup,Europe,Premium,5172.07,0.0847,1.0,337
883,Individual,Europe,Standard,557.29,0.1841,6.0,123
884,Startup,Asia Pacific,Standard,3057.14,0.064,2.0,184
885,SMB,North America,Standard,9246.51,0.1228,5.0,405
886,SMB,North America,Standard,10993.49,0.1733,11.0,455
887,SMB,North America,Premium,8180.32,0.1636,13.0,376
888,SMB,North America,Basic,5928.72,0.1264,6.0,253
889,SMB,Asia Pacific,Premium,8219.38,0.1773,12.0,326
890,Startup,Europe,Premium,4457.3,0.0981,4.0,316
891,SMB,North America,Premium,10652.26,0.1674,3.0,474
892,Individual,Asia Pacific,Basic,359.74,0.1061,0.0,143
893,SMB,Europe,Basic,5158.35,0.1289,8.0,427
894,SMB,North America,Basic,5959.6,0.083,7.0,422
895,Startup,North America,Basic,4219.06,0.0804,2.0,334
896,Individual,North America,Premium,686.57,0.118,5.0,90
897,SMB,Europe,Basic,3249.63,0.0918,4.0,326
898,SMB,North America,Standard,6442.41,0.1348,6.0,414
899,SMB,North America,Basic,3448.53,0.1496,7.0,513
900,Startup,North America,Standard,3794.23,0.0819,1.0,60
901,Startup,Europe,Standard,2586.06,0.1225,5.0,240
902,SMB,North America,Basic,4007.67,0.1484,9.0,381
903,Enterprise,Asia Pacific,Premium,192210.67,0.0371,7.0,957
904,Startup,North America,Basic,3142.53,0.0662,1.0,310
905,Individual,Europe,Standard,464.24,0.2463,6.0,108
906,Startup,Europe,Basic,2288.65,0.0603,4.0,182
907,Startup,Europe,Basic,1431.16,0.1135,2.0,158
908,SMB,North America,Premium,13064.9,0.1192,9.0,291
909,SMB,Asia Pacific,Basic,3986.3,0.1511,6.0,414
910,SMB,Asia Pacific,Standard,4681.44,0.1616,4.0,238
911,Startup,North America,Basic,2842.38,0.067,5.0,268
912,Individual,North America,Premium,703.31,0.2402,4.0,74
913,Individual,Latin America,Standard,505.62,0.2448,4.0,63
914,Individual,Europe,Basic,350.45,0.2151,2.0,59
915,Individual,North America,Standard,120.85,0.1364,5.0,96
916,Individual,North America,Standard,48.68,0.2074,4.0,195
917,SMB,Europe,Standard,8854.01,0.1561,6.0,421
918,SMB,Asia Pacific,Basic,4892.61,0.1627,4.0,336
919,SMB,Europe,Premium,10864.6,0.0823,4.0,276
920,Startup,Latin America,Basic,2093.72,0.115,2.0,311
921,SMB,Europe,Basic,3446.52,0.1136,8.0,536
922,Individual,North America,Premium,681.82,0.1395,2.0,99
923,Startup,Europe,Standard,3058.13,0.1226,1.0,384
924,Startup,North America,Basic,3043.91,0.0611,3.0,192
925,SMB,North America,Premium,10471.51,0.1262,6.0,556
926,SMB,North America,Standard,8330.31,0.1089,7.0,209
927,SMB,North America,Basic,6344.87,0.1701,8.0,529
928,Individual,Asia Pacific,Standard,473.45,0.1684,4.0,31
929,Startup,North America,Standard,4757.32,0.1023,3.0,194
930,Startup,Europe,Basic,1671.21,0.1036,2.0,383
931,SMB,Europe,Standard,9918.43,0.0911,6.0,424
932,SMB,Europe,Standard,6885.18,0.0939,9.0,327
933,SMB,Asia Pacific,Standard,7764.37,0.1165,6.0,506
934,Startup,Asia Pacific,Basic,1842.07,0.1159,6.0,399
935,Startup,Asia Pacific,Basic,2699.76,0.0832,3.0,288
936,SMB,North America,Standard,14768.32,0.0866,7.0,467
937,Individual,Europe,Standard,729.37,0.233,1.0,161
938,SMB,Europe,Premium,8043.67,0.1209,10.0,405
939,Individual,North America,Standard,808.58,0.1555,2.0,48
940,SMB,North America,Premium,8262.4,0.1193,10.0,333
941,SMB,North America,Basic,4705.66,0.0889,6.0,493
942,Individual,Europe,Standard,349.97,0.1547,5.0,106
943,SMB,Europe,Basic,5475.76,0.172,4.0,381
944,SMB,North America,Standard,11848.73,0.1587,5.0,437
945,SMB,Asia Pacific,Standard,8698.96,0.1636,6.0,425
946,SMB,Latin America,Standard,7689.09,0.1728,6.0,284
947,Startup,North America,Standard,4711.89,0.0514,5.0,276
948,Individual,Latin America,Basic,145.23,0.1384,5.0,109
949,Individual,North America,Basic,390.92,0.2404,2.0,102
950,SMB,Latin America,Basic,4012.3,0.1635,7.0,535
951,Startup,Latin America,Standard,2509.3,0.1384,2.0,128
952,SMB,North America,Basic,7461.48,0.1717,9.0,257
953,SMB,Asia Pacific,Premium,9018.53,0.1278,5.0,373
954,SMB,Latin America,Basic,5029.01,0.1588,8.0,423
955,Individual,Latin America,Standard,293.61,0.1333,7.0,124
956,Individual,Latin America,Standard,420.37,0.1518,5.0,111
957,Startup,Europe,Standard,3093.38,0.0896,5.0,186
958,Startup,North America,Premium,5714.23,0.146,4.0,283
959,Startup,Asia Pacific,Standard,4146.51,0.0721,4.0,271
960,Startup,Europe,Basic,3540.95,0.0606,3.0,145
961,Startup,Europe,Basic,3041.13,0.1025,4.0,346
962,SMB,Europe,Basic,4843.55,0.1122,4.0,575
963,SMB,Europe,Premium,11181.77,0.1464,8.0,390
964,SMB,North America,Standard,11075.15,0.1477,6.0,419
965,Individual,Asia Pacific,Standard,303.49,0.2435,3.0,76
966,Startup,North America,Standard,4016.42,0.1246,3.0,277
967,Individual,Asia Pacific,Standard,266.93,0.1124,4.0,205
968,SMB,Asia Pacific,Standard,3643.74,0.1488,7.0,431
969,Startup,Europe,Standard,3011.46,0.1218,3.0,241
970,SMB,Europe,Standard,8856.69,0.1136,9.0,509
971,SMB,North America,Standard,10039.03,0.1267,6.0,476
972,Enterprise,Latin America,Basic,69993.1,0.0346,13.0,910
973,SMB,Asia Pacific,Premium,12944.27,0.0917,10.0,404
974,Individual,North America,Basic,290.71,0.2063,2.0,84
975,SMB,North America,Standard,7291.01,0.0825,12.0,382
976,Startup,North America,Basic,3001.58,0.1309,1.0,244
977,Startup,Europe,Basic,3151.87,0.1197,2.0,197
978,SMB,Latin America,Basic,3837.27,0.162,7.0,281
979,Startup,Asia Pacific,Basic,2103.19,0.0662,1.0,55
980,SMB,North America,Basic,7319.61,0.1224,9.0,347
981,Individual,Asia Pacific,Basic,545.78,0.1829,4.0,151
982,Individual,North America,Standard,306.67,0.1356,2.0,120
983,Startup,Asia Pacific,Premium,4015.2,0.065,2.0,332
984,Startup,North America,Basic,2559.15,0.1134,2.0,241
985,SMB,Europe,Premium,11293.16,0.1023,5.0,527
986,Individual,Latin America,Standard,382.57,0.2224,5.0,114
987,SMB,North America,Premium,15515.11,0.1262,6.0,562
988,SMB,Europe,Standard,8057.55,0.1188,4.0,435
989,SMB,Latin America,Standard,8207.5,0.1357,4.0,380
990,Startup,North America,Basic,4341.49,0.0733,4.0,342
991,Startup,North America,Basic,1710.67,0.1475,6.0,202
992,Startup,Europe,Basic,1534.17,0.1271,3.0,165
993,Startup,North America,Standard,2681.13,0.1437,1.0,372
994,SMB,North America,Standard,12470.36,0.1517,7.0,421
995,Individual,Europe,Standard,512.05,0.2301,5.0,56
996,SMB,Asia Pacific,Standard,10441.84,0.1529,8.0,315
997,Startup,North America,Basic,2635.6,0.0827,4.0,282
998,Enterprise,North America,Standard,154649.63,0.0436,13.0,842
999,Individual,Asia Pacific,Basic,413.6,0.1643,4.0,79
1000,SMB,Europe,Premium,16391.89,0.1182,7.0,421
